first_name,last_name,email,department,region
Fernando,Herrera,fernando.herrera@infinityairsprings.com,TI,MX
Ricardo,Carmona,ricardo.carmona@infinityairsprings.com,TI,MX
Jesus,Galindo,jesus.galindo@infinityairsprings.com,TI,MX
Ana,Pérez,ana.perez@infinityairsprings.com,Finanzas,MX
Luis,García,luis.garcia@infinityairsprings.com,TI,MX
John,Smith,john.smith@infinityairsprings.com,HR,US
Mary,Johnson,mary.johnson@infinityairsprings.com,Operaciones,US